2809,2.5804596,-0.09144592,9.353485,-100,-100,-100,-100,-100,-100,-100
2861,-100,-100,-100,-0.028640747,0.004043579,-0.048080444,-100,-100,-100,-100
2876,1.6676025,0.032974243,7.8184967,-100,-100,-100,-100,-100,-100,-100
2884,-100,-100,-100,-100,-100,-100,24.978638,9.828186,-49.928284,-100
2944,1.6592255,-0.05555725,8.422684,-100,-100,-100,-100,-100,-100,-100
3011,1.9164581,0.11672974,8.178619,-100,-100,-100,-100,-100,-100,-100
3060,-100,-100,-100,-0.03135681,0.022598267,-0.0093688965,-100,-100,-100,-100
3078,2.0899353,0.29618835,8.708618,-100,-100,-100,-100,-100,-100,-100
3083,-100,-100,-100,-100,-100,-100,24.58191,10.284424,-49.03717,-100
3145,1.6221313,-0.08427429,8.827072,-100,-100,-100,-100,-100,-100,-100
3212,1.6221313,-0.08427429,8.827072,-100,-100,-100,-100,-100,-100,-100
3260,-100,-100,-100,0.0013275146,0.026672363,-0.07154846,-100,-100,-100,-100
3280,1.4665985,-0.035217285,8.822281,-100,-100,-100,-100,-100,-100,-100
3284,-100,-100,-100,-100,-100,-100,25.04425,11.221313,-49.49951,-100
3346,1.8422699,0.38113403,8.228867,-100,-100,-100,-100,-100,-100,-100
3414,1.3840485,0.26029968,8.634445,-100,-100,-100,-100,-100,-100,-100
3459,-100,-100,-100,-0.02659607,-0.0032958984,-0.036590576,-100,-100,-100,-100
3482,1.7776642,0.30815125,8.762466,-100,-100,-100,-100,-100,-100,-100
3487,-100,-100,-100,-100,-100,-100,25.468445,11.468506,-49.749756,-100
3548,2.0899353,0.89678955,8.013504,-100,-100,-100,-100,-100,-100,-100
3586,-100,-100,-100,-100,-100,-100,24.838257,12.149048,-49.60327,-100
3615,1.624527,0.61683655,8.927567,-100,-100,-100,-100,-100,-100,-100
3659,-100,-100,-100,-0.018798828,0.0026855469,-0.038330078,-100,-100,-100,-100
3681,1.7058868,0.6742554,8.50882,-100,-100,-100,-100,-100,-100,-100
3749,2.0205383,1.1253052,8.041031,-100,-100,-100,-100,-100,-100,-100
3769,-100,-100,-100,-100,-100,-100,-100,-100,-100,11.0
3787,-100,-100,-100,-100,-100,-100,26.094055,11.5737915,-49.171448,-100
3817,2.2538452,1.2006836,8.651199,-100,-100,-100,-100,-100,-100,-100
3858,-100,-100,-100,-0.010635376,0.026428223,0.00440979,-100,-100,-100,-100
3885,1.7944183,0.7879181,9.083099,-100,-100,-100,-100,-100,-100,-100
3952,1.6915283,0.41941833,9.107025,-100,-100,-100,-100,-100,-100,-100
3990,-100,-100,-100,-100,-100,-100,26.725769,10.549927,-49.298096,-100
4018,1.4127655,0.6467438,8.477722,-100,-100,-100,-100,-100,-100,-100
4058,-100,-100,-100,0.051376343,0.030334473,0.09403992,-100,-100,-100,-100
4086,2.3710938,0.7424469,7.8137054,-100,-100,-100,-100,-100,-100,-100
4154,2.3710938,0.7424469,7.8137054,-100,-100,-100,-100,-100,-100,-100
4171,-100,-100,-100,-100,-100,-100,-100,-100,-100,15.0
4189,-100,-100,-100,-100,-100,-100,26.51062,10.340881,-48.716736,-100
4219,2.3040924,-0.9540558,10.966248,-100,-100,-100,-100,-100,-100,-100
4259,-100,-100,-100,-0.019622803,-0.13105774,0.047668457,-100,-100,-100,-100
4296,2.2442627,-0.42166138,7.5373383,-100,-100,-100,-100,-100,-100,-100
4354,1.221344,-0.773407,8.167847,-100,-100,-100,-100,-100,-100,-100
4375,-100,-100,-100,-100,-100,-100,-100,-100,-100,12.0
4399,-100,-100,-100,-100,-100,-100,27.015686,10.958862,-48.339844,-100
4424,1.3481598,-0.112976074,8.567444,-100,-100,-100,-100,-100,-100,-100
4458,-100,-100,-100,-0.043807983,-0.0060272217,-0.19200134,-100,-100,-100,-100
4488,1.5850525,0.48043823,7.7000427,-100,-100,-100,-100,-100,-100,-100
4556,1.0358887,0.3368683,8.580612,-100,-100,-100,-100,-100,-100,-100
4594,-100,-100,-100,-100,-100,-100,27.4292,9.719849,-46.76361,-100
4624,1.702301,0.7292938,8.923981,-100,-100,-100,-100,-100,-100,-100
4658,-100,-100,-100,0.01449585,0.033935547,-0.17080688,-100,-100,-100,-100
4690,1.6029968,0.65870667,8.657181,-100,-100,-100,-100,-100,-100,-100
4758,2.0205383,-1.3931427,9.213501,-100,-100,-100,-100,-100,-100,-100
4796,-100,-100,-100,-100,-100,-100,26.461792,10.0616455,-45.155334,-100
4825,0.7320099,-1.740097,9.698059,-100,-100,-100,-100,-100,-100,-100
4857,-100,-100,-100,-0.1783905,-0.05882263,-0.21247864,-100,-100,-100,-100
4876,-100,-100,-100,-100,-100,-100,-100,-100,-100,10.0
4891,2.615158,-0.24458313,7.885498,-100,-100,-100,-100,-100,-100,-100
4958,2.5433655,-0.5664215,9.367844,-100,-100,-100,-100,-100,-100,-100
4996,-100,-100,-100,-100,-100,-100,25.378418,10.346985,-42.892456,-100
5025,2.5433655,-0.5664215,9.367844,-100,-100,-100,-100,-100,-100,-100
5056,-100,-100,-100,0.031433105,0.04206848,-0.038330078,-100,-100,-100,-100
5094,2.0121613,-0.32833862,8.243225,-100,-100,-100,-100,-100,-100,-100
5161,1.67836,-0.53411865,8.123581,-100,-100,-100,-100,-100,-100,-100
5199,-100,-100,-100,-100,-100,-100,24.450684,8.3480835,-41.3208,-100
5228,2.1437683,0.32250977,8.4956665,-100,-100,-100,-100,-100,-100,-100
5260,-100,-100,-100,0.19335938,-0.016983032,0.09111023,-100,-100,-100,-100
5295,2.188034,0.80944824,7.741928,-100,-100,-100,-100,-100,-100,-100
5362,2.174881,0.07485962,7.963257,-100,-100,-100,-100,-100,-100,-100
5399,-100,-100,-100,-100,-100,-100,23.425293,6.225586,-41.555786,-100
5430,1.4235382,-0.025650024,10.892075,-100,-100,-100,-100,-100,-100,-100
5455,-100,-100,-100,0.16732788,-0.041778564,0.24932861,-100,-100,-100,-100
5481,-100,-100,-100,-100,-100,-100,-100,-100,-100,6.0
5498,2.5673065,-1.1777802,8.971832,-100,-100,-100,-100,-100,-100,-100
5564,2.881958,0.059295654,6.899643,-100,-100,-100,-100,-100,-100,-100
5601,-100,-100,-100,-100,-100,-100,23.023987,4.1748047,-42.19818,-100
5632,1.604187,-0.99713135,9.018494,-100,-100,-100,-100,-100,-100,-100
5654,-100,-100,-100,0.031692505,0.061904907,-0.043762207,-100,-100,-100,-100
5675,-100,-100,-100,-100,-100,-100,-100,-100,-100,10.0
5697,1.4139557,0.28182983,6.5766144,-100,-100,-100,-100,-100,-100,-100
5765,1.776474,0.11314392,7.841217,-100,-100,-100,-100,-100,-100,-100
5802,-100,-100,-100,-100,-100,-100,23.275757,6.0409546,-42.156982,-100
5832,1.2919312,0.37275696,7.9046326,-100,-100,-100,-100,-100,-100,-100
5854,-100,-100,-100,-0.06765747,0.045440674,-0.12187195,-100,-100,-100,-100
5899,1.2919312,0.37275696,7.9046326,-100,-100,-100,-100,-100,-100,-100
5966,1.6293182,0.55223083,9.493469,-100,-100,-100,-100,-100,-100,-100
5977,-100,-100,-100,-100,-100,-100,-100,-100,-100,3.0
6005,-100,-100,-100,-100,-100,-100,24.273682,7.8338623,-42.807007,-100
6036,1.7645111,0.6778412,9.060364,-100,-100,-100,-100,-100,-100,-100
6061,-100,-100,-100,0.030090332,0.004760742,-0.11099243,-100,-100,-100,-100
6076,-100,-100,-100,-100,-100,-100,-100,-100,-100,10.0
6106,2.044464,0.5079498,8.05658,-100,-100,-100,-100,-100,-100,-100
6167,2.1018982,-1.7927399,11.107422,-100,-100,-100,-100,-100,-100,-100
6178,-100,-100,-100,-100,-100,-100,-100,-100,-100,3.0
6206,-100,-100,-100,-100,-100,-100,24.989319,9.440613,-43.933105,-100
6235,2.0061798,0.10357666,7.3411255,-100,-100,-100,-100,-100,-100,-100
6265,-100,-100,-100,-0.13020325,0.0012512207,-0.23448181,-100,-100,-100,-100
6301,2.0253296,-0.6023102,8.897659,-100,-100,-100,-100,-100,-100,-100
6368,1.254837,-0.4132843,7.9668427,-100,-100,-100,-100,-100,-100,-100
6406,-100,-100,-100,-100,-100,-100,25.692749,10.02655,-44.64569,-100
6435,1.2667999,-0.27211,7.767044,-100,-100,-100,-100,-100,-100,-100
6452,-100,-100,-100,0.17530823,0.06668091,-0.002090454,-100,-100,-100,-100
6477,-100,-100,-100,-100,-100,-100,-100,-100,-100,10.0
6502,1.8123627,0.39549255,7.5768127,-100,-100,-100,-100,-100,-100,-100
6569,1.5671082,0.6156311,8.865356,-100,-100,-100,-100,-100,-100,-100
6594,-100,-100,-100,-100,-100,-100,-100,-100,-100,6.0
6608,-100,-100,-100,-100,-100,-100,26.611328,8.822632,-45.246887,-100
6637,2.0791626,0.44813538,8.916794,-100,-100,-100,-100,-100,-100,-100
6657,-100,-100,-100,0.019134521,-0.03729248,0.23452759,-100,-100,-100,-100
6704,1.5802612,0.9063568,9.068741,-100,-100,-100,-100,-100,-100,-100
6771,1.5802612,0.9063568,9.068741,-100,-100,-100,-100,-100,-100,-100
6810,-100,-100,-100,-100,-100,-100,27.644348,8.287048,-45.228577,-100
6838,2.6007996,-0.9660187,9.911011,-100,-100,-100,-100,-100,-100,-100
6853,-100,-100,-100,-0.025512695,0.058563232,0.22865295,-100,-100,-100,-100
6904,1.7058868,-0.099823,8.121185,-100,-100,-100,-100,-100,-100,-100
6974,1.5886383,-0.77459717,8.896454,-100,-100,-100,-100,-100,-100,-100
6980,-100,-100,-100,-100,-100,-100,-100,-100,-100,2.0
7011,-100,-100,-100,-100,-100,-100,28.599548,8.557129,-46.66443,-100
7041,1.2153625,-0.13929749,7.3219757,-100,-100,-100,-100,-100,-100,-100
7051,-100,-100,-100,0.014678955,-0.0072631836,-0.08262634,-100,-100,-100,-100
7118,1.5455627,-0.06272888,7.6988525,-100,-100,-100,-100,-100,-100,-100
7175,0.92822266,0.21124268,8.367645,-100,-100,-100,-100,-100,-100,-100
7214,-100,-100,-100,-100,-100,-100,29.750061,9.750366,-46.58203,-100
7245,1.028717,0.53189087,8.041031,-100,-100,-100,-100,-100,-100,-100
7250,-100,-100,-100,-0.013504028,0.04951477,-0.14602661,-100,-100,-100,-100
7310,1.2033844,0.78193665,8.787582,-100,-100,-100,-100,-100,-100,-100
7377,2.8257294,0.107162476,9.272125,-100,-100,-100,-100,-100,-100,-100
7382,-100,-100,-100,-100,-100,-100,-100,-100,-100,4.0
7415,-100,-100,-100,-100,-100,-100,29.85382,10.745239,-47.042847,-100
7444,0.5298157,-1.6336212,10.971039,-100,-100,-100,-100,-100,-100,-100
7449,-100,-100,-100,-0.092926025,-0.0018310547,-0.11791992,-100,-100,-100,-100
7510,2.6953125,0.0605011,7.4631653,-100,-100,-100,-100,-100,-100,-100
7577,1.118454,-0.8882599,8.309021,-100,-100,-100,-100,-100,-100,-100
7617,-100,-100,-100,-100,-100,-100,30.574036,10.464478,-46.957397,-100
7649,1.118454,-0.8882599,8.309021,-100,-100,-100,-100,-100,-100,-100
7652,-100,-100,-100,0.012771606,0.03994751,-0.052200317,-100,-100,-100,-100
7681,-100,-100,-100,-100,-100,-100,-100,-100,-100,0.0
7712,1.3756714,-0.37020874,8.161865,-100,-100,-100,-100,-100,-100,-100
7782,1.5934296,-0.13092041,8.445419,-100,-100,-100,-100,-100,-100,-100
7816,-100,-100,-100,-100,-100,-100,30.516052,9.039307,-46.733093,-100
7846,2.2837524,0.98413086,7.0240784,-100,-100,-100,-100,-100,-100,-100
7850,-100,-100,-100,0.059692383,-0.024002075,0.22729492,-100,-100,-100,-100
7882,-100,-100,-100,-100,-100,-100,-100,-100,-100,7.0
7916,2.112671,0.8896179,8.219284,-100,-100,-100,-100,-100,-100,-100
7980,1.3625183,-0.38217163,10.338135,-100,-100,-100,-100,-100,-100,-100
7986,-100,-100,-100,-100,-100,-100,-100,-100,-100,3.0
8018,-100,-100,-100,-100,-100,-100,31.062317,6.210327,-47.05963,-100
8050,1.4163513,0.43736267,8.812714,-100,-100,-100,-100,-100,-100,-100
8062,-100,-100,-100,0.0844574,-0.022949219,0.2909546,-100,-100,-100,-100
8115,1.2823486,-1.2830658,9.038834,-100,-100,-100,-100,-100,-100,-100
8183,1.809967,-0.78775024,8.293472,-100,-100,-100,-100,-100,-100,-100
8228,-100,-100,-100,-100,-100,-100,30.552673,4.2266846,-47.25952,-100
8252,-100,-100,-100,0.0029296875,-0.032455444,0.1436615,-100,-100,-100,-100
8254,1.7836456,-0.17280579,7.294464,-100,-100,-100,-100,-100,-100,-100
8287,-100,-100,-100,-100,-100,-100,-100,-100,-100,0.0
8325,2.1198425,0.28063965,6.9104156,-100,-100,-100,-100,-100,-100,-100
8383,2.0839539,0.38233948,7.598358,-100,-100,-100,-100,-100,-100,-100
8419,-100,-100,-100,-100,-100,-100,30.26123,3.804016,-47.239685,-100
8446,-100,-100,-100,-0.074295044,0.00869751,-0.051956177,-100,-100,-100,-100
8450,1.550354,0.21961975,9.171631,-100,-100,-100,-100,-100,-100,-100
8490,-100,-100,-100,-100,-100,-100,-100,-100,-100,6.0
8518,1.406784,0.80107117,9.129761,-100,-100,-100,-100,-100,-100,-100
8585,1.406784,0.80107117,9.129761,-100,-100,-100,-100,-100,-100,-100
8624,-100,-100,-100,-100,-100,-100,28.890991,3.9367676,-46.961975,-100
8651,-100,-100,-100,0.1572113,-0.13482666,-0.25125122,-100,-100,-100,-100
8654,1.5467682,0.5270996,10.167053,-100,-100,-100,-100,-100,-100,-100
8685,-100,-100,-100,-100,-100,-100,-100,-100,-100,2.0
8719,3.847458,0.06289673,8.683502,-100,-100,-100,-100,-100,-100,-100
8787,1.1363983,-1.0449829,9.499451,-100,-100,-100,-100,-100,-100,-100
8827,-100,-100,-100,-100,-100,-100,27.452087,5.7724,-46.875,-100
8860,-100,-100,-100,-0.05709839,0.044891357,-0.30545044,-100,-100,-100,-100
8865,1.9583282,-0.4144745,9.483902,-100,-100,-100,-100,-100,-100,-100
8920,1.653244,0.49598694,6.8529816,-100,-100,-100,-100,-100,-100,-100
8987,1.3972168,0.37036133,6.878113,-100,-100,-100,-100,-100,-100,-100
9027,-100,-100,-100,-100,-100,-100,26.904297,5.7724,-46.722412,-100
9059,-100,-100,-100,-0.050354004,0.057998657,-0.03541565,-100,-100,-100,-100
9065,0.95932007,-0.5783844,9.643021,-100,-100,-100,-100,-100,-100,-100
9121,2.2945251,1.3992767,7.786194,-100,-100,-100,-100,-100,-100,-100
9188,-100,-100,-100,-100,-100,-100,-100,-100,-100,4.0
9190,2.0875397,0.6993866,9.000549,-100,-100,-100,-100,-100,-100,-100
9226,-100,-100,-100,-100,-100,-100,25.479126,5.3588867,-46.498108,-100
9259,-100,-100,-100,0.13261414,-4.8828125E-4,0.2638092,-100,-100,-100,-100
9261,1.6676025,0.017425537,9.408524,-100,-100,-100,-100,-100,-100,-100
9323,3.0985107,0.76638794,7.6581726,-100,-100,-100,-100,-100,-100,-100
9391,1.3409729,-1.007904,10.466156,-100,-100,-100,-100,-100,-100,-100
9430,-100,-100,-100,-100,-100,-100,24.507141,4.763794,-46.157837,-100
9448,-100,-100,-100,0.051376343,-0.010467529,0.25201416,-100,-100,-100,-100
9455,1.3409729,-1.007904,10.466156,-100,-100,-100,-100,-100,-100,-100
9525,2.1964111,-0.45874023,8.758865,-100,-100,-100,-100,-100,-100,-100
9592,1.1399841,-0.22784424,7.3937683,-100,-100,-100,-100,-100,-100,-100
9636,-100,-100,-100,-100,-100,-100,23.867798,5.847168,-46.2265,-100
9645,-100,-100,-100,0.007888794,0.027877808,-0.021560669,-100,-100,-100,-100
9660,1.5982056,-0.016067505,7.3339386,-100,-100,-100,-100,-100,-100,-100
9726,1.4797668,0.4660797,7.1197815,-100,-100,-100,-100,-100,-100,-100
9791,1.5288086,0.63597107,8.644012,-100,-100,-100,-100,-100,-100,-100
9831,-100,-100,-100,-100,-100,-100,23.764038,8.26416,-46.592712,-100
9852,-100,-100,-100,-0.120285034,0.018707275,-0.07635498,-100,-100,-100,-100
9863,1.702301,0.74842834,9.459961,-100,-100,-100,-100,-100,-100,-100
9887,-100,-100,-100,-100,-100,-100,-100,-100,-100,8.0
9928,2.5086823,-0.72314453,10.6492,-100,-100,-100,-100,-100,-100,-100
9995,1.7489624,0.004272461,7.7562714,-100,-100,-100,-100,-100,-100,-100
10032,-100,-100,-100,-100,-100,-100,22.250366,10.40802,-46.917725,-100
10051,-100,-100,-100,0.003540039,-0.065704346,-0.14619446,-100,-100,-100,-100
10067,1.2680054,-0.25654602,8.562668,-100,-100,-100,-100,-100,-100,-100
10127,2.5469666,0.04135132,8.014709,-100,-100,-100,-100,-100,-100,-100
10196,1.57547,0.47564697,7.0623627,-100,-100,-100,-100,-100,-100,-100
10234,-100,-100,-100,-100,-100,-100,22.439575,11.332703,-46.47522,-100
10246,-100,-100,-100,0.071517944,0.08818054,-0.06210327,-100,-100,-100,-100
10263,1.6209412,0.18133545,7.60553,-100,-100,-100,-100,-100,-100,-100
10331,1.6209412,0.18133545,7.60553,-100,-100,-100,-100,-100,-100,-100
10390,-100,-100,-100,-100,-100,-100,-100,-100,-100,14.0
10397,1.9248352,0.2028656,8.736145,-100,-100,-100,-100,-100,-100,-100
10439,-100,-100,-100,-100,-100,-100,22.714233,12.301636,-46.183777,-100
10445,-100,-100,-100,-0.0036315918,-0.023666382,0.17211914,-100,-100,-100,-100
10465,2.0492554,1.2078552,7.6414185,-100,-100,-100,-100,-100,-100,-100
10531,1.9439697,0.30456543,9.264954,-100,-100,-100,-100,-100,-100,-100
10591,-100,-100,-100,-100,-100,-100,-100,-100,-100,21.0
10600,1.7573242,0.62519836,9.491074,-100,-100,-100,-100,-100,-100,-100
10640,-100,-100,-100,-100,-100,-100,23.469543,12.423706,-45.81909,-100
10643,-100,-100,-100,0.03503418,0.0033874512,0.20123291,-100,-100,-100,-100
10666,2.3339996,-1.397934,9.913406,-100,-100,-100,-100,-100,-100,-100
10698,-100,-100,-100,-100,-100,-100,-100,-100,-100,27.0
10732,1.9607239,0.0652771,7.601944,-100,-100,-100,-100,-100,-100,-100
10799,1.6604156,-1.3955383,9.7782135,-100,-100,-100,-100,-100,-100,-100
10842,-100,-100,-100,-100,-100,-100,23.880005,12.286377,-45.83435,-100
10847,-100,-100,-100,-0.006591797,0.0031585693,0.021942139,-100,-100,-100,-100
10871,1.2967072,0.066482544,6.862564,-100,-100,-100,-100,-100,-100,-100
10893,-100,-100,-100,-100,-100,-100,-100,-100,-100,34.0
10935,1.7238312,0.5893097,6.772827,-100,-100,-100,-100,-100,-100,-100
10993,-100,-100,-100,-100,-100,-100,-100,-100,-100,41.0
11014,1.6807556,0.5582123,7.837631,-100,-100,-100,-100,-100,-100,-100
11047,-100,-100,-100,-100,-100,-100,24.935913,12.876892,-45.121765,-100
11049,-100,-100,-100,-0.07424927,0.04953003,-0.05908203,-100,-100,-100,-100
11075,1.67836,0.57974243,8.856979,-100,-100,-100,-100,-100,-100,-100
11091,-100,-100,-100,-100,-100,-100,-100,-100,-100,48.0
11135,2.0169525,0.49360657,10.626465,-100,-100,-100,-100,-100,-100,-100
11192,-100,-100,-100,-100,-100,-100,-100,-100,-100,54.0
11208,2.0169525,0.49360657,10.626465,-100,-100,-100,-100,-100,-100,-100
11248,-100,-100,-100,-100,-100,-100,26.271057,14.302063,-43.881226,-100
11249,-100,-100,-100,-0.03425598,-0.0020446777,-0.2677765,-100,-100,-100,-100
11274,2.6175537,0.15022278,8.872528,-100,-100,-100,-100,-100,-100,-100
11297,-100,-100,-100,-100,-100,-100,-100,-100,-100,41.0
11337,0.6614227,-1.1155701,10.050995,-100,-100,-100,-100,-100,-100,-100
11393,-100,-100,-100,-100,-100,-100,-100,-100,-100,34.0
11405,1.7884369,0.34643555,7.458374,-100,-100,-100,-100,-100,-100,-100
11442,-100,-100,-100,-100,-100,-100,27.037048,13.430786,-43.099976,-100
11454,-100,-100,-100,0.07008362,0.0069885254,-0.2224884,-100,-100,-100,-100
11474,1.3852539,-0.3367157,8.640427,-100,-100,-100,-100,-100,-100,-100
11492,-100,-100,-100,-100,-100,-100,-100,-100,-100,27.0
11539,1.1938171,-0.104599,8.052994,-100,-100,-100,-100,-100,-100,-100
11594,-100,-100,-100,-100,-100,-100,-100,-100,-100,14.0
11608,1.7082825,0.20884705,7.4691467,-100,-100,-100,-100,-100,-100,-100
11638,-100,-100,-100,0.032928467,-0.0045166016,0.08792114,-100,-100,-100,-100
11643,-100,-100,-100,-100,-100,-100,28.125,11.689758,-42.59491,-100
11672,2.4129639,0.7604065,7.569641,-100,-100,-100,-100,-100,-100,-100
11693,-100,-100,-100,-100,-100,-100,-100,-100,-100,21.0
11740,2.0049896,0.6778412,9.215897,-100,-100,-100,-100,-100,-100,-100
11794,-100,-100,-100,-100,-100,-100,-100,-100,-100,14.0
11808,1.9020996,0.4780426,9.205139,-100,-100,-100,-100,-100,-100,-100
11838,-100,-100,-100,0.04008484,0.015213013,0.2883911,-100,-100,-100,-100
11851,-100,-100,-100,-100,-100,-100,30.088806,8.31604,-42.35382,-100
11876,2.1605225,0.10595703,9.363052,-100,-100,-100,-100,-100,-100,-100
11943,1.67836,-0.78656006,8.822281,-100,-100,-100,-100,-100,-100,-100
12009,1.8949127,-0.56163025,8.476517,-100,-100,-100,-100,-100,-100,-100
12042,-100,-100,-100,0.016067505,-0.044448853,0.08760071,-100,-100,-100,-100
12057,-100,-100,-100,-100,-100,-100,30.41687,4.942322,-42.329407,-100
12075,1.8949127,-0.56163025,8.476517,-100,-100,-100,-100,-100,-100,-100
12144,0.9353943,-0.4144745,8.027863,-100,-100,-100,-100,-100,-100,-100
12211,1.5132599,0.1645813,6.97023,-100,-100,-100,-100,-100,-100,-100
12247,-100,-100,-100,-0.053253174,0.0026397705,0.03277588,-100,-100,-100,-100
12251,-100,-100,-100,-100,-100,-100,30.06897,3.4057617,-41.91742,-100
12279,1.550354,0.49719238,7.240631,-100,-100,-100,-100,-100,-100,-100
12343,1.3349915,0.43258667,8.487289,-100,-100,-100,-100,-100,-100,-100
12412,1.6903381,0.43138123,9.424072,-100,-100,-100,-100,-100,-100,-100
12450,-100,-100,-100,-0.061950684,0.016952515,-0.15866089,-100,-100,-100,-100
12453,-100,-100,-100,-100,-100,-100,29.971313,3.0654907,-41.38794,-100
12481,1.7094727,0.2674713,10.784393,-100,-100,-100,-100,-100,-100,-100
12545,1.8638153,-0.0076904297,8.215698,-100,-100,-100,-100,-100,-100,-100
12613,1.6556396,-0.4790802,9.456375,-100,-100,-100,-100,-100,-100,-100
12638,-100,-100,-100,0.0894928,-0.003112793,-0.21617126,-100,-100,-100,-100
12652,-100,-100,-100,-100,-100,-100,28.09906,1.9943237,-40.87982,-100
12679,2.1473541,-0.1105957,8.922775,-100,-100,-100,-100,-100,-100,-100
12748,1.2644043,0.0605011,8.075714,-100,-100,-100,-100,-100,-100,-100
12797,-100,-100,-100,-100,-100,-100,-100,-100,-100,21.0
12818,1.6496582,0.33088684,7.0910797,-100,-100,-100,-100,-100,-100,-100
12836,-100,-100,-100,-0.003829956,0.013793945,-0.06903076,-100,-100,-100,-100
12850,-100,-100,-100,-100,-100,-100,26.721191,1.8081665,-40.341187,-100
12881,1.6125641,0.3787384,7.9082184,-100,-100,-100,-100,-100,-100,-100
12949,1.6125641,0.3787384,7.9082184,-100,-100,-100,-100,-100,-100,-100
12999,-100,-100,-100,-100,-100,-100,-100,-100,-100,27.0
13016,1.9152527,0.9530182,8.142715,-100,-100,-100,-100,-100,-100,-100
13040,-100,-100,-100,-0.03253174,-0.025619507,0.15489197,-100,-100,-100,-100
13060,-100,-100,-100,-100,-100,-100,24.993896,-0.0579834,-40.501404,-100
13084,2.2669983,0.62879944,9.879913,-100,-100,-100,-100,-100,-100,-100
13097,-100,-100,-100,-100,-100,-100,-100,-100,-100,34.0
13151,1.6544342,0.87286377,9.144119,-100,-100,-100,-100,-100,-100,-100
13198,-100,-100,-100,-100,-100,-100,-100,-100,-100,27.0
13220,2.1736755,-0.57240295,10.048599,-100,-100,-100,-100,-100,-100,-100
13234,-100,-100,-100,0.19082642,-0.035110474,0.24491882,-100,-100,-100,-100
13256,-100,-100,-100,-100,-100,-100,23.21167,-2.3727417,-40.834045,-100
13284,2.360321,-0.3247528,7.828064,-100,-100,-100,-100,-100,-100,-100
13299,-100,-100,-100,-100,-100,-100,-100,-100,-100,34.0
13350,2.4045868,-0.2529602,7.6892853,-100,-100,-100,-100,-100,-100,-100
13399,-100,-100,-100,-100,-100,-100,-100,-100,-100,41.0
13421,1.1878357,-0.18595886,6.9307556,-100,-100,-100,-100,-100,-100,-100
13434,-100,-100,-100,0.052505493,0.029632568,-0.030899048,-100,-100,-100,-100
13456,-100,-100,-100,-100,-100,-100,21.609497,-4.3655396,-41.116333,-100
13487,1.4821625,0.20167542,7.662964,-100,-100,-100,-100,-100,-100,-100
13498,-100,-100,-100,-100,-100,-100,-100,-100,-100,54.0
13554,1.3900299,0.8297882,7.856781,-100,-100,-100,-100,-100,-100,-100
13621,1.7190399,0.8058624,8.731354,-100,-100,-100,-100,-100,-100,-100
13634,-100,-100,-100,-0.08088684,0.03364563,-0.018554688,-100,-100,-100,-100
13658,-100,-100,-100,-100,-100,-100,21.832275,-4.2129517,-40.986633,-100
13687,1.1746826,1.3825378,8.270737,-100,-100,-100,-100,-100,-100,-100
13713,-100,-100,-100,-100,-100,-100,-100,-100,-100,68.0
13754,2.167694,-0.10580444,10.5594635,-100,-100,-100,-100,-100,-100,-100
13803,-100,-100,-100,-100,-100,-100,-100,-100,-100,81.0
13831,2.3016968,-0.07948303,8.614105,-100,-100,-100,-100,-100,-100,-100
13839,-100,-100,-100,-0.031585693,-0.022247314,-0.11425781,-100,-100,-100,-100
13864,-100,-100,-100,-100,-100,-100,22.616577,-2.87323,-41.314697,-100
13892,2.3016968,-0.07948303,8.614105,-100,-100,-100,-100,-100,-100,-100
13909,-100,-100,-100,-100,-100,-100,-100,-100,-100,88.0
13956,2.3351898,0.828598,6.9953613,-100,-100,-100,-100,-100,-100,-100
14002,-100,-100,-100,-100,-100,-100,-100,-100,-100,95.0
14023,1.7238312,-0.84877014,10.442215,-100,-100,-100,-100,-100,-100,-100
14043,-100,-100,-100,-0.008956909,0.024139404,-0.1958313,-100,-100,-100,-100
14061,-100,-100,-100,-100,-100,-100,22.798157,-1.4465332,-40.802002,-100
14090,1.0945129,0.19329834,7.3447113,-100,-100,-100,-100,-100,-100,-100
14104,-100,-100,-100,-100,-100,-100,-100,-100,-100,68.0
14156,1.8267212,0.51753235,6.6472015,-100,-100,-100,-100,-100,-100,-100
14201,-100,-100,-100,-100,-100,-100,-100,-100,-100,54.0
14224,1.4283142,0.16218567,7.951294,-100,-100,-100,-100,-100,-100,-100
14240,-100,-100,-100,0.0062408447,0.004180908,0.09944153,-100,-100,-100,-100
14261,-100,-100,-100,-100,-100,-100,24.21112,-0.20446777,-40.441895,-100
14292,2.1808624,1.2844238,8.498047,-100,-100,-100,-100,-100,-100,-100
14302,-100,-100,-100,-100,-100,-100,-100,-100,-100,48.0
14359,2.3651123,0.6898041,9.263763,-100,-100,-100,-100,-100,-100,-100
14401,-100,-100,-100,-100,-100,-100,-100,-100,-100,34.0
14426,1.2823486,0.6503296,9.511414,-100,-100,-100,-100,-100,-100,-100
14430,-100,-100,-100,-0.045196533,0.04321289,0.18412781,-100,-100,-100,-100
14463,-100,-100,-100,-100,-100,-100,24.745178,1.4373779,-39.897156,-100
14496,2.3040924,-1.3560486,10.743713,-100,-100,-100,-100,-100,-100,-100
14501,-100,-100,-100,-100,-100,-100,-100,-100,-100,14.0
14560,1.8003998,0.23756409,6.965454,-100,-100,-100,-100,-100,-100,-100
14628,1.3230286,-0.979187,8.917999,-100,-100,-100,-100,-100,-100,-100
14631,-100,-100,-100,0.035217285,0.006454468,0.07423401,-100,-100,-100,-100
14668,-100,-100,-100,-100,-100,-100,25.982666,2.6016235,-39.624023,-100
14695,1.4869385,-0.4252472,7.9859924,-100,-100,-100,-100,-100,-100,-100
14702,-100,-100,-100,-100,-100,-100,-100,-100,-100,21.0
14762,1.4869385,-0.4252472,7.9859924,-100,-100,-100,-100,-100,-100,-100
14830,1.5312042,0.37994385,7.264557,-100,-100,-100,-100,-100,-100,-100
14856,-100,-100,-100,-0.0018920898,-0.0068359375,0.021194458,-100,-100,-100,-100
14868,-100,-100,-100,-100,-100,-100,26.863098,4.66156,-39.434814,-100
14896,1.4450684,0.46847534,7.7969513,-100,-100,-100,-100,-100,-100,-100
14902,-100,-100,-100,-100,-100,-100,-100,-100,-100,14.0
14965,1.3720856,0.76638794,8.567444,-100,-100,-100,-100,-100,-100,-100
15031,-100,-100,-100,-0.0050811768,-0.03933716,-0.14501953,-100,-100,-100,-100
15034,1.2715912,1.026001,9.165649,-100,-100,-100,-100,-100,-100,-100
15070,-100,-100,-100,-100,-100,-100,28.29895,7.1517944,-39.109802,-100
15096,2.7970123,-0.43362427,11.040436,-100,-100,-100,-100,-100,-100,-100
15103,-100,-100,-100,-100,-100,-100,-100,-100,-100,7.0
15165,2.4309082,0.47564697,7.1688385,-100,-100,-100,-100,-100,-100,-100
15230,-100,-100,-100,0.14680481,-0.018615723,-0.2725067,-100,-100,-100,-100
15234,2.4201355,-0.014877319,8.419098,-100,-100,-100,-100,-100,-100,-100
15269,-100,-100,-100,-100,-100,-100,29.12445,9.614563,-39.3219,-100
15300,1.6317139,0.2854309,8.233643,-100,-100,-100,-100,-100,-100,-100
15308,-100,-100,-100,-100,-100,-100,-100,-100,-100,2.0
15369,1.0610199,0.30337524,7.939331,-100,-100,-100,-100,-100,-100,-100
15431,-100,-100,-100,-0.01512146,0.0054626465,-0.20848083,-100,-100,-100,-100
15432,1.1579285,0.3751526,7.3626556,-100,-100,-100,-100,-100,-100,-100
15471,-100,-100,-100,-100,-100,-100,29.911804,10.919189,-40.431213,-100
15501,1.4642029,0.62879944,7.890274,-100,-100,-100,-100,-100,-100,-100
15506,-100,-100,-100,-100,-100,-100,-100,-100,-100,14.0
15565,2.0384827,1.100174,8.342514,-100,-100,-100,-100,-100,-100,-100
15608,-100,-100,-100,-100,-100,-100,-100,-100,-100,7.0
15632,-100,-100,-100,-0.0683136,-0.08882141,0.24217224,-100,-100,-100,-100
15635,2.0384827,1.100174,8.342514,-100,-100,-100,-100,-100,-100,-100
15671,-100,-100,-100,-100,-100,-100,30.578613,10.667419,-41.636658,-100
15702,2.1473541,0.5546112,9.476715,-100,-100,-100,-100,-100,-100,-100
15768,2.3375854,0.94584656,9.694458,-100,-100,-100,-100,-100,-100,-100
15829,-100,-100,-100,0.047607422,0.011398315,0.22750854,-100,-100,-100,-100
15847,2.5361938,-0.7422943,10.132355,-100,-100,-100,-100,-100,-100,-100
15874,-100,-100,-100,-100,-100,-100,31.45752,8.763123,-42.259216,-100
15903,1.8626099,-0.16322327,7.5098114,-100,-100,-100,-100,-100,-100,-100
15970,2.1210327,-0.65615845,7.9369354,-100,-100,-100,-100,-100,-100,-100
16008,-100,-100,-100,-100,-100,-100,-100,-100,-100,0.0
16027,-100,-100,-100,-0.030441284,0.01789856,0.016448975,-100,-100,-100,-100
16042,1.1543427,-0.29962158,7.9907684,-100,-100,-100,-100,-100,-100,-100
16073,-100,-100,-100,-100,-100,-100,32.01294,7.777405,-42.82379,-100
16104,1.9894409,0.27824402,7.87352,-100,-100,-100,-100,-100,-100,-100
16172,1.5575256,0.5235138,8.145111,-100,-100,-100,-100,-100,-100,-100
16226,-100,-100,-100,-0.06677246,0.021728516,-0.07321167,-100,-100,-100,-100
16241,1.4355011,0.82022095,8.596161,-100,-100,-100,-100,-100,-100,-100
16276,-100,-100,-100,-100,-100,-100,30.865479,7.8201294,-42.974854,-100
16306,1.5168457,0.81663513,9.092667,-100,-100,-100,-100,-100,-100,-100
16374,1.8135681,0.080841064,9.926575,-100,-100,-100,-100,-100,-100,-100
16426,-100,-100,-100,0.013031006,-0.025939941,-0.21046448,-100,-100,-100,-100
16442,2.7766724,0.18612671,8.337738,-100,-100,-100,-100,-100,-100,-100
16477,-100,-100,-100,-100,-100,-100,30.003357,7.8125,-43.251038,-100
16507,2.7766724,0.18612671,8.337738,-100,-100,-100,-100,-100,-100,-100
16574,1.6951141,-0.42643738,8.772034,-100,-100,-100,-100,-100,-100,-100
16627,-100,-100,-100,0.09698486,-0.020523071,-0.20967102,-100,-100,-100,-100
16643,2.2813568,-0.13571167,8.336533,-100,-100,-100,-100,-100,-100,-100
16679,-100,-100,-100,-100,-100,-100,28.388977,6.564331,-43.5791,-100
16710,1.6077728,0.085617065,7.428467,-100,-100,-100,-100,-100,-100,-100
16777,1.344574,0.12510681,7.6007385,-100,-100,-100,-100,-100,-100,-100
16826,-100,-100,-100,0.0072021484,0.05680847,-0.002609253,-100,-100,-100,-100
16843,1.3218384,0.1645813,7.7490997,-100,-100,-100,-100,-100,-100,-100
16880,-100,-100,-100,-100,-100,-100,27.51007,6.600952,-42.59491,-100
16911,2.7144623,1.321518,7.7562714,-100,-100,-100,-100,-100,-100,-100
16977,2.085144,0.80107117,9.164459,-100,-100,-100,-100,-100,-100,-100
17024,-100,-100,-100,-0.046524048,-0.064453125,0.1643982,-100,-100,-100,-100
17051,1.8961182,0.94584656,9.1201935,-100,-100,-100,-100,-100,-100,-100
17080,-100,-100,-100,-100,-100,-100,25.411987,6.2072754,-42.60254,-100
17111,1.3613129,0.18252563,10.219696,-100,-100,-100,-100,-100,-100,-100
17178,1.9667053,-0.70880127,9.315201,-100,-100,-100,-100,-100,-100,-100
17228,-100,-100,-100,0.1058197,0.044128418,0.19630432,-100,-100,-100,-100
17255,2.1162567,-0.26252747,7.7443085,-100,-100,-100,-100,-100,-100,-100
17285,-100,-100,-100,-100,-100,-100,25.309753,5.0811768,-41.741943,-100
17322,1.6197357,-1.4254456,9.680115,-100,-100,-100,-100,-100,-100,-100
17380,1.6197357,-1.4254456,9.680115,-100,-100,-100,-100,-100,-100,-100
17424,-100,-100,-100,-0.047714233,-0.021133423,-0.00390625,-100,-100,-100,-100
17454,1.9643097,-0.17878723,7.758667,-100,-100,-100,-100,-100,-100,-100
17492,-100,-100,-100,-100,-100,-100,23.908997,5.708313,-41.496277,-100
17514,2.0456696,0.088012695,7.475128,-100,-100,-100,-100,-100,-100,-100
17582,2.2107697,0.46488953,7.499054,-100,-100,-100,-100,-100,-100,-100
17587,-100,-100,-100,-100,-100,-100,23.083496,7.5012207,-41.252136,-100
17624,-100,-100,-100,-0.026428223,-0.025314331,-0.10923767,-100,-100,-100,-100
17655,1.7046814,0.77116394,8.561462,-100,-100,-100,-100,-100,-100,-100
17716,1.2895355,0.9135437,8.922775,-100,-100,-100,-100,-100,-100,-100
17783,2.758728,0.34165955,10.235245,-100,-100,-100,-100,-100,-100,-100
17789,-100,-100,-100,-100,-100,-100,21.63086,8.787537,-41.101074,-100
17826,-100,-100,-100,0.05680847,-0.03312683,-0.23420715,-100,-100,-100,-100
17852,2.3842468,0.32730103,7.758667,-100,-100,-100,-100,-100,-100,-100
17916,1.4857483,-0.79733276,9.634644,-100,-100,-100,-100,-100,-100,-100
17984,1.4689941,0.22680664,7.745514,-100,-100,-100,-100,-100,-100,-100
17999,-100,-100,-100,-100,-100,-100,21.182251,11.289978,-40.933228,-100
18030,-100,-100,-100,-0.06199646,0.041748047,-0.23800659,-100,-100,-100,-100
18051,1.9379883,-0.2649231,8.932358,-100,-100,-100,-100,-100,-100,-100
18116,2.0827484,0.44334412,6.940323,-100,-100,-100,-100,-100,-100,-100
18185,1.4307098,0.16697693,7.4643555,-100,-100,-100,-100,-100,-100,-100
18189,-100,-100,-100,-100,-100,-100,20.36438,12.509155,-39.700317,-100
18222,-100,-100,-100,-0.02897644,0.044769287,0.085754395,-100,-100,-100,-100
18253,2.1641083,0.6646881,8.084091,-100,-100,-100,-100,-100,-100,-100
18320,2.1641083,0.6646881,8.084091,-100,-100,-100,-100,-100,-100,-100
18388,1.908081,0.8872223,8.776825,-100,-100,-100,-100,-100,-100,-100
18393,-100,-100,-100,-100,-100,-100,20.22705,12.969971,-40.412903,-100
18420,-100,-100,-100,-0.0071411133,-0.039108276,0.2869568,-100,-100,-100,-100
18454,2.1964111,0.5235138,9.442017,-100,-100,-100,-100,-100,-100,-100
18521,1.8422699,0.573761,8.957474,-100,-100,-100,-100,-100,-100,-100
18590,2.7431793,-0.5173645,8.847412,-100,-100,-100,-100,-100,-100,-100
18595,-100,-100,-100,-100,-100,-100,20.581055,13.621521,-39.186096,-100
18624,-100,-100,-100,0.021362305,0.032730103,0.24427795,-100,-100,-100,-100
18655,1.7178497,-0.90859985,9.410919,-100,-100,-100,-100,-100,-100,-100
18723,1.9188385,-0.4862671,7.3171997,-100,-100,-100,-100,-100,-100,-100
18788,1.4247284,-0.79733276,8.795959,-100,-100,-100,-100,-100,-100,-100
18796,-100,-100,-100,-100,-100,-100,20.300293,14.413452,-39.42108,-100
18819,-100,-100,-100,-0.018875122,-0.049041748,0.09036255,-100,-100,-100,-100
18856,1.7154541,-0.2421875,8.11879,-100,-100,-100,-100,-100,-100,-100
18924,1.6580353,0.4050598,7.7610626,-100,-100,-100,-100,-100,-100,-100
18991,1.32901,0.32011414,8.184601,-100,-100,-100,-100,-100,-100,-100
18996,-100,-100,-100,-100,-100,-100,19.677734,16.503906,-38.923645,-100
19020,-100,-100,-100,-0.054122925,-0.014968872,-0.07254028,-100,-100,-100,-100
19058,1.4366913,1.2628937,6.98938,-100,-100,-100,-100,-100,-100,-100
19124,1.2021942,1.2628937,9.686096,-100,-100,-100,-100,-100,-100,-100
19194,1.2021942,0.6503296,9.686096,-100,-100,-100,-100,-100,-100,-100
19199,-100,-100,-100,-100,-100,-100,18.28003,18.624878,-38.54828,-100
19230,-100,-100,-100,-0.07409668,-0.14924622,-0.16749573,-100,-100,-100,-100
19262,2.5074768,-0.25177002,11.42807,-100,-100,-100,-100,-100,-100,-100
19326,2.7970123,-0.14888,8.376022,-100,-100,-100,-100,-100,-100,-100
19395,1.7154541,-1.0988312,8.711014,-100,-100,-100,-100,-100,-100,-100
19399,-100,-100,-100,-100,-100,-100,17.356873,18.904114,-38.594055,-100
19434,-100,-100,-100,0.16474915,0.04588318,-0.26856995,-100,-100,-100,-100
19464,2.2957153,-0.18476868,7.385391,-100,-100,-100,-100,-100,-100,-100
19528,1.722641,-0.7518616,9.452789,-100,-100,-100,-100,-100,-100,-100
19595,1.9008942,0.30696106,7.272934,-100,-100,-100,-100,-100,-100,-100
19600,-100,-100,-100,-100,-100,-100,17.773438,19.656372,-38.275146,-100
19617,-100,-100,-100,-0.027191162,0.09439087,0.0062713623,-100,-100,-100,-100
19663,2.1330109,0.2973938,7.5923767,-100,-100,-100,-100,-100,-100,-100
19730,2.7060852,0.4289856,9.023285,-100,-100,-100,-100,-100,-100,-100
19796,2.701294,1.0930023,8.685898,-100,-100,-100,-100,-100,-100,-100
19801,-100,-100,-100,-100,-100,-100,18.345642,19.467163,-38.012695,-100
19823,-100,-100,-100,-0.061035156,-0.016983032,0.24032593,-100,-100,-100,-100
19864,2.3818512,0.6539154,9.292465,-100,-100,-100,-100,-100,-100,-100
19931,2.2514496,0.62519836,9.023285,-100,-100,-100,-100,-100,-100,-100
19999,2.5637054,-0.4790802,6.862564,-100,-100,-100,-100,-100,-100,-100
20003,-100,-100,-100,-100,-100,-100,19.580078,18.08014,-38.11035,-100
20019,-100,-100,-100,0.17150879,0.0098724365,0.09750366,-100,-100,-100,-100
20065,2.5637054,-0.4790802,6.862564,-100,-100,-100,-100,-100,-100,-100
20133,1.9152527,-1.3560486,9.475525,-100,-100,-100,-100,-100,-100,-100
20201,1.8697968,-0.5592499,8.313812,-100,-100,-100,-100,-100,-100,-100
20206,-100,-100,-100,-100,-100,-100,19.996643,18.4906,-38.156128,-100
20235,-100,-100,-100,-0.11732483,-0.036102295,-0.016723633,-100,-100,-100,-100
20266,1.20578,-0.57121277,7.956085,-100,-100,-100,-100,-100,-100,-100
20334,1.8446655,-0.2912445,7.7490997,-100,-100,-100,-100,-100,-100,-100
20402,1.8039856,0.2411499,8.054184,-100,-100,-100,-100,-100,-100,-100
20427,-100,-100,-100,-100,-100,-100,20.440674,18.31665,-37.808228,-100
20430,-100,-100,-100,-0.04144287,0.01184082,9.0026855E-4,-100,-100,-100,-100
20468,1.727417,0.5306854,8.738525,-100,-100,-100,-100,-100,-100,-100
20536,1.8530426,0.7029724,8.931152,-100,-100,-100,-100,-100,-100,-100
20602,1.9774628,0.5402527,8.957474,-100,-100,-100,-100,-100,-100,-100
20612,-100,-100,-100,-100,-100,-100,20.747375,18.8797,-37.249756,-100
20617,-100,-100,-100,-0.032989502,-0.049942017,-0.12023926,-100,-100,-100,-100
20669,2.7264252,-0.6394043,10.313004,-100,-100,-100,-100,-100,-100,-100
20737,2.7814636,-0.08665466,8.019485,-100,-100,-100,-100,-100,-100,-100
20804,2.0707855,-0.05795288,8.178619,-100,-100,-100,-100,-100,-100,-100
20809,-100,-100,-100,-100,-100,-100,21.14563,18.469238,-37.034607,-100
20814,-100,-100,-100,0.118759155,0.021057129,-0.13578796,-100,-100,-100,-100
20871,2.4225311,-0.49822998,9.579605,-100,-100,-100,-100,-100,-100,-100
20939,2.4225311,-0.49822998,9.579605,-100,-100,-100,-100,-100,-100,-100
21006,2.0863495,0.102371216,7.511017,-100,-100,-100,-100,-100,-100,-100
21009,-100,-100,-100,-100,-100,-100,24.36676,18.486023,-36.19995,-100
21014,-100,-100,-100,0.014251709,0.13331604,0.002746582,-100,-100,-100,-100
21074,1.6711884,0.24235535,7.0731354,-100,-100,-100,-100,-100,-100,-100
21140,1.7333984,-0.14408875,8.177414,-100,-100,-100,-100,-100,-100,-100
21207,2.0133667,0.499588,7.6916656,-100,-100,-100,-100,-100,-100,-100
21211,-100,-100,-100,-100,-100,-100,27.156067,17.855835,-34.6344,-100
21212,-100,-100,-100,-0.017303467,0.0132751465,0.21005249,-100,-100,-100,-100
21276,2.2538452,1.1923065,8.026672,-100,-100,-100,-100,-100,-100,-100
21340,1.9020996,0.083236694,10.251999,-100,-100,-100,-100,-100,-100,-100
21409,2.561325,-0.17758179,9.638229,-100,-100,-100,-100,-100,-100,-100
21417,-100,-100,-100,-100,-100,-100,30.740356,16.549683,-33.50067,-100
21418,-100,-100,-100,-0.032730103,-0.020370483,0.23962402,-100,-100,-100,-100
21475,2.5720825,-1.3189697,9.640625,-100,-100,-100,-100,-100,-100,-100
21543,2.389038,-0.87509155,8.408325,-100,-100,-100,-100,-100,-100,-100
21611,1.3804626,-1.1717987,8.147507,-100,-100,-100,-100,-100,-100,-100
21615,-100,-100,-100,-100,-100,-100,33.992004,16.73584,-32.125854,-100
21616,-100,-100,-100,0.0020141602,0.05203247,-0.13752747,-100,-100,-100,-100
21675,2.071991,-0.19792175,6.994171,-100,-100,-100,-100,-100,-100,-100
21745,1.3134613,0.095199585,7.726364,-100,-100,-100,-100,-100,-100,-100
21811,1.3134613,0.095199585,7.726364,-100,-100,-100,-100,-100,-100,-100
21815,-100,-100,-100,-100,-100,-100,36.076355,16.645813,-31.715393,-100
21822,-100,-100,-100,-0.10467529,-0.06954956,-0.060562134,-100,-100,-100,-100
21879,1.8327026,0.48162842,8.599747,-100,-100,-100,-100,-100,-100,-100
21948,1.7704926,0.40745544,9.376221,-100,-100,-100,-100,-100,-100,-100
22011,-100,-100,-100,-0.14840698,0.014541626,-0.12045288,-100,-100,-100,-100
22014,1.1208344,0.89320374,8.513611,-100,-100,-100,-100,-100,-100,-100
22016,-100,-100,-100,-100,-100,-100,36.801147,15.562439,-30.752563,-100
22080,3.197815,-0.29483032,11.20433,-100,-100,-100,-100,-100,-100,-100
22147,1.4486542,-0.54489136,8.737335,-100,-100,-100,-100,-100,-100,-100
22210,-100,-100,-100,0.2581787,0.059524536,-0.13050842,-100,-100,-100,-100
22214,1.2691956,-0.5652313,7.37941,-100,-100,-100,-100,-100,-100,-100
22218,-100,-100,-100,-100,-100,-100,37.075806,11.749268,-32.00836,-100
22281,1.47258,-0.654953,8.347305,-100,-100,-100,-100,-100,-100,-100
22348,1.9260254,-0.6429901,8.184601,-100,-100,-100,-100,-100,-100,-100
22410,-100,-100,-100,0.053894043,0.054336548,0.18363953,-100,-100,-100,-100
22415,2.2227325,0.54623413,6.710617,-100,-100,-100,-100,-100,-100,-100
22419,-100,-100,-100,-100,-100,-100,36.943054,8.325195,-33.413696,-100
22483,1.7872467,-0.27090454,8.754089,-100,-100,-100,-100,-100,-100,-100
22550,2.3734894,0.43377686,8.115204,-100,-100,-100,-100,-100,-100,-100
22609,-100,-100,-100,-0.043045044,0.0806427,0.1984253,-100,-100,-100,-100
22618,1.8135681,0.77835083,9.048401,-100,-100,-100,-100,-100,-100,-100
22622,-100,-100,-100,-100,-100,-100,35.832214,5.9677124,-34.41925,-100
22683,1.8135681,0.77835083,9.048401,-100,-100,-100,-100,-100,-100,-100
22752,1.6269226,0.52230835,9.158478,-100,-100,-100,-100,-100,-100,-100
22808,-100,-100,-100,0.044937134,0.050872803,0.17510986,-100,-100,-100,-100
22818,1.570694,0.46009827,8.779205,-100,-100,-100,-100,-100,-100,-100
22824,-100,-100,-100,-100,-100,-100,33.57849,3.3920288,-35.43701,-100
22886,1.7214355,-1.5726013,10.383606,-100,-100,-100,-100,-100,-100,-100
22955,1.727417,-0.12854004,6.855377,-100,-100,-100,-100,-100,-100,-100
23008,-100,-100,-100,-0.065216064,-0.0206604,0.03036499,-100,-100,-100,-100
23020,1.5001068,-1.3931427,8.871338,-100,-100,-100,-100,-100,-100,-100
23036,-100,-100,-100,-100,-100,-100,31.015015,3.1463623,-36.45935,-100
23086,1.5611115,-0.2601471,6.430649,-100,-100,-100,-100,-100,-100,-100
23154,1.4642029,-0.17399597,7.027664,-100,-100,-100,-100,-100,-100,-100
23208,-100,-100,-100,-0.1932373,-0.06954956,-0.03312683,-100,-100,-100,-100
23221,1.8482513,0.11314392,8.697861,-100,-100,-100,-100,-100,-100,-100
23246,-100,-100,-100,-100,-100,-100,27.601624,5.7876587,-37.66632,-100
23287,1.1100769,0.14544678,9.546112,-100,-100,-100,-100,-100,-100,-100
23355,1.0969086,0.085617065,8.977814,-100,-100,-100,-100,-100,-100,-100
23407,-100,-100,-100,-0.076293945,-0.028884888,-0.20173645,-100,-100,-100,-100
23430,2.0576324,-0.5640259,10.244812,-100,-100,-100,-100,-100,-100,-100
23432,-100,-100,-100,-100,-100,-100,23.799133,9.214783,-38.82904,-100
23489,1.5826569,-2.3873596,11.582397,-100,-100,-100,-100,-100,-100,-100
23557,2.9537354,-0.153656,6.62088,-100,-100,-100,-100,-100,-100,-100
23607,-100,-100,-100,0.07795715,0.062057495,-0.14927673,-100,-100,-100,-100
23641,2.9537354,-0.153656,6.62088,-100,-100,-100,-100,-100,-100,-100
23646,-100,-100,-100,-100,-100,-100,21.217346,11.236572,-40.119934,-100
23691,1.4689941,-1.480484,9.835648,-100,-100,-100,-100,-100,-100,-100
23758,1.8267212,-0.23980713,7.125763,-100,-100,-100,-100,-100,-100,-100
23808,-100,-100,-100,0.093322754,0.008224487,-0.039001465,-100,-100,-100,-100
23827,1.4546356,-0.33909607,7.0324554,-100,-100,-100,-100,-100,-100,-100
23837,-100,-100,-100,-100,-100,-100,19.07196,12.133789,-41.1911,-100
23890,1.8901367,-0.10939026,8.299454,-100,-100,-100,-100,-100,-100,-100
23960,2.2885437,0.5964966,8.813904,-100,-100,-100,-100,-100,-100,-100
24007,-100,-100,-100,-0.08717346,-0.09124756,0.20074463,-100,-100,-100,-100
24028,2.085144,-0.037612915,9.927765,-100,-100,-100,-100,-100,-100,-100
24039,-100,-100,-100,-100,-100,-100,17.63916,14.550781,-41.57257,-100
24095,1.5682983,0.08442688,10.414703,-100,-100,-100,-100,-100,-100,-100
24161,1.9571381,-0.9229584,9.639435,-100,-100,-100,-100,-100,-100,-100
24208,-100,-100,-100,0.32154846,0.026428223,0.38508606,-100,-100,-100,-100
24229,2.0420837,-0.75904846,7.9249725,-100,-100,-100,-100,-100,-100,-100
24232,-100,-100,-100,-100,-100,-100,18.641663,13.597107,-42.030334,-100
24295,2.0372925,-0.73750305,7.4858856,-100,-100,-100,-100,-100,-100,-100
24362,1.1615143,-0.8679199,7.643814,-100,-100,-100,-100,-100,-100,-100
24404,-100,-100,-100,0.031906128,0.09753418,0.03439331,-100,-100,-100,-100
24430,2.0779724,-0.276886,7.7144012,-100,-100,-100,-100,-100,-100,-100
24434,-100,-100,-100,-100,-100,-100,20.352173,15.112305,-42.42096,-100
24496,2.0779724,-0.276886,7.7144012,-100,-100,-100,-100,-100,-100,-100
24564,2.1162567,0.833374,6.7177887,-100,-100,-100,-100,-100,-100,-100
24605,-100,-100,-100,-0.20101929,-0.017303467,-0.102752686,-100,-100,-100,-100
24630,1.4510498,0.037765503,9.176422,-100,-100,-100,-100,-100,-100,-100
24638,-100,-100,-100,-100,-100,-100,21.90857,18.095398,-42.262268,-100
24697,1.9571381,0.6192169,8.823471,-100,-100,-100,-100,-100,-100,-100
24767,2.5900269,-0.09263611,10.578613,-100,-100,-100,-100,-100,-100,-100
24805,-100,-100,-100,-0.0014648438,-0.09889221,-0.19090271,-100,-100,-100,-100
24832,1.8757782,-0.2421875,9.011307,-100,-100,-100,-100,-100,-100,-100
24836,-100,-100,-100,-100,-100,-100,22.409058,21.41571,-42.32483,-100
24900,1.7884369,-1.7903442,11.221085,-100,-100,-100,-100,-100,-100,-100
24967,2.6534424,-0.0770874,6.911606,-100,-100,-100,-100,-100,-100,-100
25003,-100,-100,-100,0.10597229,0.017318726,-0.2911682,-100,-100,-100,-100
25033,1.9248352,-0.8643341,8.879715,-100,-100,-100,-100,-100,-100,-100
25038,-100,-100,-100,-100,-100,-100,24.06311,23.22998,-42.874146,-100
25100,1.4019928,0.08921814,7.336334,-100,-100,-100,-100,-100,-100,-100
25169,1.0083771,0.095199585,7.105438,-100,-100,-100,-100,-100,-100,-100
25202,-100,-100,-100,0.0027618408,0.023071289,-0.05696106,-100,-100,-100,-100
25231,-100,-100,-100,-100,-100,-100,-100,-100,-100,7.0
25235,1.6424713,-0.063934326,8.029068,-100,-100,-100,-100,-100,-100,-100
25247,-100,-100,-100,-100,-100,-100,26.577759,24.786377,-42.33551,-100
25304,2.1856384,0.848938,8.65239,-100,-100,-100,-100,-100,-100,-100
25370,2.1856384,0.848938,8.65239,-100,-100,-100,-100,-100,-100,-100
25414,-100,-100,-100,-0.03543091,-0.039733887,0.2743988,-100,-100,-100,-100
25436,2.1988068,0.016235352,9.939728,-100,-100,-100,-100,-100,-100,-100
25441,-100,-100,-100,-100,-100,-100,29.11377,24.119568,-41.07361,-100
25503,1.4558411,-0.0041046143,9.406128,-100,-100,-100,-100,-100,-100,-100
25571,2.895111,-1.0701141,9.200348,-100,-100,-100,-100,-100,-100,-100
25607,-100,-100,-100,0.107666016,0.044326782,0.3895111,-100,-100,-100,-100
25638,-100,-100,-100,-100,-100,-100,-100,-100,-100,14.0
25639,2.0133667,-0.3295288,7.7479095,-100,-100,-100,-100,-100,-100,-100
25647,-100,-100,-100,-100,-100,-100,31.730652,22.259521,-39.78424,-100
25707,2.1784668,-0.95884705,8.261169,-100,-100,-100,-100,-100,-100,-100
25738,-100,-100,-100,-100,-100,-100,-100,-100,-100,2.0
25774,1.6616211,-0.76142883,7.3937683,-100,-100,-100,-100,-100,-100,-100
25801,-100,-100,-100,-0.03163147,0.016723633,0.11227417,-100,-100,-100,-100
25834,-100,-100,-100,-100,-100,-100,-100,-100,-100,7.0
25843,1.9990082,-0.24099731,7.54451,-100,-100,-100,-100,-100,-100,-100
25847,-100,-100,-100,-100,-100,-100,32.922363,22.285461,-37.78076,-100
25906,2.1688995,0.23278809,7.9010468,-100,-100,-100,-100,-100,-100,-100
25975,1.879364,0.026992798,8.819885,-100,-100,-100,-100,-100,-100,-100
26002,-100,-100,-100,-0.14268494,0.016098022,-0.069381714,-100,-100,-100,-100
26039,-100,-100,-100,-100,-100,-100,-100,-100,-100,14.0
26040,1.3768768,0.6850281,8.746902,-100,-100,-100,-100,-100,-100,-100
26045,-100,-100,-100,-100,-100,-100,34.13391,23.117065,-35.03723,-100
26108,2.7192383,0.1598053,9.680115,-100,-100,-100,-100,-100,-100,-100
26138,-100,-100,-100,-100,-100,-100,-100,-100,-100,21.0
26176,2.203598,0.175354,8.1020355,-100,-100,-100,-100,-100,-100,-100
26202,-100,-100,-100,0.06390381,-0.057800293,-0.23890686,-100,-100,-100,-100
26236,-100,-100,-100,-100,-100,-100,-100,-100,-100,27.0
26241,2.203598,0.175354,8.1020355,-100,-100,-100,-100,-100,-100,-100
26246,-100,-100,-100,-100,-100,-100,33.8974,24.897766,-33.166504,-100
26309,1.5276184,-1.3189697,10.592972,-100,-100,-100,-100,-100,-100,-100
26339,-100,-100,-100,-100,-100,-100,-100,-100,-100,34.0
26377,2.0743866,-0.70880127,8.600952,-100,-100,-100,-100,-100,-100,-100
26400,-100,-100,-100,0.11154175,0.03730774,-0.22203064,-100,-100,-100,-100
26438,-100,-100,-100,-100,-100,-100,-100,-100,-100,54.0
26444,1.7034912,-0.56163025,8.213303,-100,-100,-100,-100,-100,-100,-100
26464,-100,-100,-100,-100,-100,-100,34.82361,25.33722,-30.680847,-100
26510,1.681961,0.11074829,6.9845886,-100,-100,-100,-100,-100,-100,-100
26535,-100,-100,-100,-100,-100,-100,-100,-100,-100,102.0
26577,0.81814575,-0.17520142,7.786194,-100,-100,-100,-100,-100,-100,-100
26599,-100,-100,-100,-0.003250122,0.045288086,-0.011795044,-100,-100,-100,-100
26636,-100,-100,-100,-100,-100,-100,-100,-100,-100,257.0
26645,1.8542328,0.1645813,8.419098,-100,-100,-100,-100,-100,-100,-100
26660,-100,-100,-100,-100,-100,-100,36.56311,25.099182,-27.783203,-100
26713,2.389038,0.8178253,8.450195,-100,-100,-100,-100,-100,-100,-100
26745,-100,-100,-100,-100,-100,-100,-100,-100,-100,460.0
26778,2.0097656,0.1478424,9.145309,-100,-100,-100,-100,-100,-100,-100
26805,-100,-100,-100,-0.035125732,-0.07878113,0.27285767,-100,-100,-100,-100
26836,-100,-100,-100,-100,-100,-100,-100,-100,-100,616.0
26859,1.7932281,0.12869263,9.016098,-100,-100,-100,-100,-100,-100,-100
26867,-100,-100,-100,-100,-100,-100,37.649536,20.777893,-25.834656,-100
26917,2.7491608,0.1873169,8.319794,-100,-100,-100,-100,-100,-100,-100
26951,-100,-100,-100,-100,-100,-100,-100,-100,-100,697.0
26982,2.3040924,-1.8932343,10.686295,-100,-100,-100,-100,-100,-100,-100
27005,-100,-100,-100,0.022872925,0.020996094,0.26287842,-100,-100,-100,-100
27036,-100,-100,-100,-100,-100,-100,-100,-100,-100,609.0
27049,2.3962097,-0.5389099,7.6868896,-100,-100,-100,-100,-100,-100,-100
27052,-100,-100,-100,-100,-100,-100,38.412476,15.437317,-23.475647,-100
27124,2.3962097,-0.5389099,7.6868896,-100,-100,-100,-100,-100,-100,-100
27139,-100,-100,-100,-100,-100,-100,-100,-100,-100,501.0
27181,1.5886383,-0.80210876,7.868744,-100,-100,-100,-100,-100,-100,-100
27208,-100,-100,-100,0.120788574,0.023208618,0.11116028,-100,-100,-100,-100
27236,-100,-100,-100,-100,-100,-100,-100,-100,-100,440.0
27250,2.2012024,-0.2649231,7.125763,-100,-100,-100,-100,-100,-100,-100
27256,-100,-100,-100,-100,-100,-100,37.716675,12.559509,-22.229004,-100
27317,2.0863495,-0.31158447,7.8759155,-100,-100,-100,-100,-100,-100,-100
27337,-100,-100,-100,-100,-100,-100,-100,-100,-100,325.0
27383,2.0181427,-0.09144592,8.502838,-100,-100,-100,-100,-100,-100,-100
27400,-100,-100,-100,-0.13987732,0.0058288574,-0.107940674,-100,-100,-100,-100
27437,-100,-100,-100,-100,-100,-100,-100,-100,-100,224.0
27448,1.8159485,-0.16322327,8.475327,-100,-100,-100,-100,-100,-100,-100
27454,-100,-100,-100,-100,-100,-100,36.93695,12.069702,-22.042847,-100
27518,1.599411,-0.4635315,10.103638,-100,-100,-100,-100,-100,-100,-100
27549,-100,-100,-100,-100,-100,-100,-100,-100,-100,156.0
27586,1.7728882,0.3907013,8.255188,-100,-100,-100,-100,-100,-100,-100
27601,-100,-100,-100,0.04067993,-0.011352539,-0.24038696,-100,-100,-100,-100
27638,-100,-100,-100,-100,-100,-100,-100,-100,-100,129.0
27652,2.4536438,0.4624939,7.158066,-100,-100,-100,-100,-100,-100,-100
27672,-100,-100,-100,-100,-100,-100,35.845947,12.257385,-21.847534,-100
27719,1.1495514,-2.5727997,13.83165,-100,-100,-100,-100,-100,-100,-100
27740,-100,-100,-100,-100,-100,-100,-100,-100,-100,27.0
27786,2.5960083,-0.34986877,8.527969,-100,-100,-100,-100,-100,-100,-100
27795,-100,-100,-100,-0.044311523,-0.075286865,-0.29748535,-100,-100,-100,-100
27840,-100,-100,-100,-100,-100,-100,-100,-100,-100,14.0
27853,1.6927185,-0.28286743,8.093674,-100,-100,-100,-100,-100,-100,-100
27861,-100,-100,-100,-100,-100,-100,35.038757,13.552856,-21.932983,-100
27921,1.9499512,0.05810547,7.202347,-100,-100,-100,-100,-100,-100,-100
27988,1.9499512,0.05810547,7.325577,-100,-100,-100,-100,-100,-100,-100
27995,-100,-100,-100,0.11703491,0.058746338,-0.084228516,-100,-100,-100,-100
28039,-100,-100,-100,-100,-100,-100,-100,-100,-100,7.0
28061,1.45224,-0.20629883,7.325577,-100,-100,-100,-100,-100,-100,-100
28063,-100,-100,-100,-100,-100,-100,35.569763,13.642883,-22.244263,-100
28121,2.5589294,0.23876953,8.11879,-100,-100,-100,-100,-100,-100,-100
28189,2.4392853,0.050933838,9.317596,-100,-100,-100,-100,-100,-100,-100
28195,-100,-100,-100,-0.0766449,-0.06112671,0.16378784,-100,-100,-100,-100
28240,-100,-100,-100,-100,-100,-100,-100,-100,-100,21.0
28265,1.982254,0.6658783,8.732544,-100,-100,-100,-100,-100,-100,-100
28266,-100,-100,-100,-100,-100,-100,35.639954,13.543701,-22.125244,-100
28323,2.223938,0.71972656,9.7782135,-100,-100,-100,-100,-100,-100,-100
28390,2.704895,0.6311798,8.000351,-100,-100,-100,-100,-100,-100,-100
28395,-100,-100,-100,0.18302917,0.068237305,0.2653656,-100,-100,-100,-100
28440,-100,-100,-100,-100,-100,-100,-100,-100,-100,14.0
28458,2.203598,-0.29603577,8.941925,-100,-100,-100,-100,-100,-100,-100
28465,-100,-100,-100,-100,-100,-100,36.203003,11.471558,-22.129822,-100
28525,2.1437683,-1.0234528,10.1562805,-100,-100,-100,-100,-100,-100,-100
28592,1.5850525,-0.4563446,6.8924713,-100,-100,-100,-100,-100,-100,-100
28616,-100,-100,-100,0.1662445,0.014419556,0.111694336,-100,-100,-100,-100
28659,2.446457,-0.2601471,7.6689453,-100,-100,-100,-100,-100,-100,-100
28664,-100,-100,-100,-100,-100,-100,35.525513,9.979248,-21.624756,-100
28727,1.6951141,-1.2603455,9.6011505,-100,-100,-100,-100,-100,-100,-100
28792,-100,-100,-100,-0.07798767,0.0262146,-0.066848755,-100,-100,-100,-100
28794,2.3040924,0.15142822,7.3949585,-100,-100,-100,-100,-100,-100,-100
28841,-100,-100,-100,-100,-100,-100,-100,-100,-100,7.0
28861,2.0779724,-0.006500244,8.13913,-100,-100,-100,-100,-100,-100,-100
28875,-100,-100,-100,-100,-100,-100,35.084534,10.543823,-20.664978,-100
28928,2.0779724,-0.006500244,8.13913,-100,-100,-100,-100,-100,-100,-100
28992,-100,-100,-100,-0.06661987,-0.008560181,-0.32337952,-100,-100,-100,-100
28998,1.5647125,-0.3522644,9.347504,-100,-100,-100,-100,-100,-100,-100
29062,1.6089783,0.080841064,8.716995,-100,-100,-100,-100,-100,-100,-100
29066,-100,-100,-100,-100,-100,-100,34.205627,11.747742,-21.444702,-100
29134,2.0779724,-0.25894165,10.242416,-100,-100,-100,-100,-100,-100,-100
29191,-100,-100,-100,-0.0074768066,-0.039108276,-0.27297974,-100,-100,-100,-100
29208,1.6269226,-0.6274414,8.962265,-100,-100,-100,-100,-100,-100,-100
29266,2.0265198,-0.13929749,7.9082184,-100,-100,-100,-100,-100,-100,-100
29270,-100,-100,-100,-100,-100,-100,33.21228,12.768555,-22.045898,-100
29331,2.0528412,0.19329834,8.75528,-100,-100,-100,-100,-100,-100,-100
29342,-100,-100,-100,-100,-100,-100,-100,-100,-100,0.0
29390,-100,-100,-100,0.13104248,0.009552002,-0.102996826,-100,-100,-100,-100
29409,2.298111,0.5354767,8.190582,-100,-100,-100,-100,-100,-100,-100
29466,2.0193481,-0.014877319,8.706223,-100,-100,-100,-100,-100,-100,-100
29470,-100,-100,-100,-100,-100,-100,33.17871,11.062622,-21.949768,-100
29532,1.8147583,0.40626526,6.7082214,-100,-100,-100,-100,-100,-100,-100
29591,-100,-100,-100,0.04008484,0.11721802,0.0256958,-100,-100,-100,-100
29600,1.5204468,0.20884705,8.577011,-100,-100,-100,-100,-100,-100,-100
29664,2.0372925,-0.11895752,8.7756195,-100,-100,-100,-100,-100,-100,-100
29669,-100,-100,-100,-100,-100,-100,33.781433,10.227966,-21.156311,-100
29734,1.5048828,-0.037612915,8.291077,-100,-100,-100,-100,-100,-100,-100
29790,-100,-100,-100,-0.38304138,0.43234253,-0.46481323,-100,-100,-100,-100
29801,1.5048828,-0.037612915,8.291077,-100,-100,-100,-100,-100,-100,-100
29867,0.35992432,-0.531723,8.647598,-100,-100,-100,-100,-100,-100,-100
29872,-100,-100,-100,-100,-100,-100,35.427856,14.303589,-18.891907,-100
29935,-0.12223816,-1.210083,9.838028,-100,-100,-100,-100,-100,-100,-100
29991,-100,-100,-100,0.018173218,0.15481567,0.16964722,-100,-100,-100,-100
30001,0.56570435,-0.15126038,8.804337,-100,-100,-100,-100,-100,-100,-100
30069,1.0119629,0.2758484,7.8747253,-100,-100,-100,-100,-100,-100,-100
30077,-100,-100,-100,-100,-100,-100,36.024475,13.221741,-17.105103,-100
30136,0.63031006,-0.10820007,8.585388,-100,-100,-100,-100,-100,-100,-100
30188,-100,-100,-100,0.003616333,0.345047,0.18121338,-100,-100,-100,-100
30204,1.5228271,0.15501404,7.4643555,-100,-100,-100,-100,-100,-100,-100
30270,0.8492584,0.8405609,7.762268,-100,-100,-100,-100,-100,-100,-100
30278,-100,-100,-100,-100,-100,-100,37.060547,11.882019,-14.105225,-100
